{"pages":["IBMPlexMono-Medium.0.png","IBMPlexMono-Medium.1.png"],"chars":[{"id":106,"index":13,"char":"j","width":19,"height":44,"xoffset":2,"yoffset":14,"xadvance":25,"chnl":15,"x":0,"y":0,"page":0},{"id":36,"index":154,"char":"$","width":26,"height":43,"xoffset":0,"yoffset":11,"xadvance":25,"chnl":15,"x":0,"y":45,"page":0},{"id":40,"index":96,"char":"(","width":17,"height":42,"xoffset":6,"yoffset":13,"xadvance":25,"chnl":15,"x":20,"y":0,"page":0},{"id":41,"index":97,"char":")","width":17,"height":42,"xoffset":2,"yoffset":13,"xadvance":25,"chnl":15,"x":0,"y":89,"page":0},{"id":123,"index":100,"char":"{","width":21,"height":42,"xoffset":2,"yoffset":13,"xadvance":25,"chnl":15,"x":0,"y":132,"page":0},{"id":125,"index":101,"char":"}","width":21,"height":42,"xoffset":2,"yoffset":13,"xadvance":25,"chnl":15,"x":18,"y":89,"page":0},{"id":124,"index":108,"char":"|","width":8,"height":42,"xoffset":9,"yoffset":13,"xadvance":25,"chnl":15,"x":27,"y":43,"page":0},{"id":91,"index":98,"char":"[","width":17,"height":42,"xoffset":7,"yoffset":13,"xadvance":25,"chnl":15,"x":36,"y":43,"page":0},{"id":93,"index":99,"char":"]","width":17,"height":42,"xoffset":2,"yoffset":13,"xadvance":25,"chnl":15,"x":38,"y":0,"page":0},{"id":92,"index":103,"char":"\\","width":22,"height":42,"xoffset":1,"yoffset":13,"xadvance":25,"chnl":15,"x":0,"y":175,"page":0},{"id":47,"index":102,"char":"/","width":22,"height":42,"xoffset":1,"yoffset":13,"xadvance":25,"chnl":15,"x":22,"y":132,"page":0},{"id":81,"index":46,"char":"Q","width":26,"height":41,"xoffset":0,"yoffset":15,"xadvance":25,"chnl":15,"x":40,"y":86,"page":0},{"id":64,"index":69,"char":"@","width":24,"height":39,"xoffset":0,"yoffset":15,"xadvance":25,"chnl":15,"x":54,"y":43,"page":0},{"id":103,"index":8,"char":"g","width":25,"height":38,"xoffset":0,"yoffset":20,"xadvance":25,"chnl":15,"x":0,"y":218,"page":0},{"id":100,"index":5,"char":"d","width":24,"height":36,"xoffset":0,"yoffset":14,"xadvance":25,"chnl":15,"x":56,"y":0,"page":0},{"id":98,"index":3,"char":"b","width":24,"height":36,"xoffset":1,"yoffset":14,"xadvance":25,"chnl":15,"x":23,"y":175,"page":0},{"id":113,"index":20,"char":"q","width":24,"height":35,"xoffset":0,"yoffset":23,"xadvance":25,"chnl":15,"x":26,"y":212,"page":0},{"id":105,"index":12,"char":"i","width":23,"height":35,"xoffset":2,"yoffset":14,"xadvance":25,"chnl":15,"x":45,"y":128,"page":0},{"id":112,"index":19,"char":"p","width":24,"height":35,"xoffset":1,"yoffset":23,"xadvance":25,"chnl":15,"x":67,"y":83,"page":0},{"id":102,"index":7,"char":"f","width":24,"height":35,"xoffset":1,"yoffset":14,"xadvance":25,"chnl":15,"x":79,"y":37,"page":0},{"id":104,"index":11,"char":"h","width":22,"height":35,"xoffset":2,"yoffset":14,"xadvance":25,"chnl":15,"x":81,"y":0,"page":0},{"id":107,"index":14,"char":"k","width":25,"height":35,"xoffset":2,"yoffset":14,"xadvance":25,"chnl":15,"x":48,"y":164,"page":0},{"id":108,"index":15,"char":"l","width":23,"height":35,"xoffset":1,"yoffset":14,"xadvance":25,"chnl":15,"x":69,"y":119,"page":0},{"id":33,"index":93,"char":"!","width":11,"height":34,"xoffset":7,"yoffset":16,"xadvance":25,"chnl":15,"x":92,"y":73,"page":0},{"id":37,"index":106,"char":"%","width":28,"height":34,"xoffset":-2,"yoffset":15,"xadvance":25,"chnl":15,"x":51,"y":200,"page":0},{"id":38,"index":68,"char":"&","width":28,"height":34,"xoffset":-1,"yoffset":15,"xadvance":25,"chnl":15,"x":74,"y":155,"page":0},{"id":50,"index":60,"char":"2","width":25,"height":34,"xoffset":0,"yoffset":15,"xadvance":25,"chnl":15,"x":93,"y":108,"page":0},{"id":51,"index":61,"char":"3","width":25,"height":34,"xoffset":0,"yoffset":15,"xadvance":25,"chnl":15,"x":80,"y":190,"page":0},{"id":53,"index":63,"char":"5","width":24,"height":34,"xoffset":1,"yoffset":16,"xadvance":25,"chnl":15,"x":103,"y":143,"page":0},{"id":54,"index":64,"char":"6","width":25,"height":34,"xoffset":0,"yoffset":16,"xadvance":25,"chnl":15,"x":106,"y":178,"page":0},{"id":56,"index":66,"char":"8","width":25,"height":34,"xoffset":0,"yoffset":15,"xadvance":25,"chnl":15,"x":106,"y":213,"page":0},{"id":57,"index":67,"char":"9","width":25,"height":34,"xoffset":0,"yoffset":15,"xadvance":25,"chnl":15,"x":104,"y":0,"page":0},{"id":48,"index":56,"char":"0","width":26,"height":34,"xoffset":0,"yoffset":15,"xadvance":25,"chnl":15,"x":104,"y":35,"page":0},{"id":85,"index":50,"char":"U","width":23,"height":34,"xoffset":1,"yoffset":16,"xadvance":25,"chnl":15,"x":130,"y":0,"page":0},{"id":79,"index":44,"char":"O","width":26,"height":34,"xoffset":0,"yoffset":15,"xadvance":25,"chnl":15,"x":104,"y":70,"page":0},{"id":121,"index":28,"char":"y","width":26,"height":34,"xoffset":0,"yoffset":23,"xadvance":25,"chnl":15,"x":119,"y":105,"page":0},{"id":83,"index":48,"char":"S","width":25,"height":34,"xoffset":0,"yoffset":15,"xadvance":25,"chnl":15,"x":128,"y":140,"page":0},{"id":71,"index":36,"char":"G","width":24,"height":34,"xoffset":0,"yoffset":15,"xadvance":25,"chnl":15,"x":131,"y":35,"page":0},{"id":74,"index":39,"char":"J","width":22,"height":34,"xoffset":0,"yoffset":16,"xadvance":25,"chnl":15,"x":154,"y":0,"page":0},{"id":67,"index":32,"char":"C","width":25,"height":34,"xoffset":0,"yoffset":15,"xadvance":25,"chnl":15,"x":131,"y":70,"page":0},{"id":63,"index":95,"char":"?","width":23,"height":34,"xoffset":1,"yoffset":15,"xadvance":25,"chnl":15,"x":146,"y":105,"page":0},{"id":35,"index":123,"char":"#","width":28,"height":33,"xoffset":-1,"yoffset":16,"xadvance":25,"chnl":15,"x":156,"y":35,"page":0},{"id":49,"index":59,"char":"1","width":26,"height":33,"xoffset":0,"yoffset":16,"xadvance":25,"chnl":15,"x":177,"y":0,"page":0},{"id":52,"index":62,"char":"4","width":27,"height":33,"xoffset":-1,"yoffset":16,"xadvance":25,"chnl":15,"x":157,"y":69,"page":0},{"id":55,"index":65,"char":"7","width":24,"height":33,"xoffset":0,"yoffset":16,"xadvance":25,"chnl":15,"x":204,"y":0,"page":0},{"id":87,"index":52,"char":"W","width":27,"height":33,"xoffset":-1,"yoffset":16,"xadvance":25,"chnl":15,"x":229,"y":0,"page":0},{"id":69,"index":34,"char":"E","width":22,"height":33,"xoffset":2,"yoffset":16,"xadvance":25,"chnl":15,"x":132,"y":175,"page":0},{"id":82,"index":47,"char":"R","width":24,"height":33,"xoffset":2,"yoffset":16,"xadvance":25,"chnl":15,"x":154,"y":140,"page":0},{"id":84,"index":49,"char":"T","width":27,"height":33,"xoffset":-1,"yoffset":16,"xadvance":25,"chnl":15,"x":170,"y":103,"page":0},{"id":89,"index":54,"char":"Y","width":28,"height":33,"xoffset":-1,"yoffset":16,"xadvance":25,"chnl":15,"x":132,"y":209,"page":0},{"id":73,"index":38,"char":"I","width":22,"height":33,"xoffset":1,"yoffset":16,"xadvance":25,"chnl":15,"x":155,"y":174,"page":0},{"id":80,"index":45,"char":"P","width":24,"height":33,"xoffset":2,"yoffset":16,"xadvance":25,"chnl":15,"x":161,"y":208,"page":0},{"id":116,"index":23,"char":"t","width":24,"height":33,"xoffset":0,"yoffset":16,"xadvance":25,"chnl":15,"x":178,"y":174,"page":0},{"id":65,"index":30,"char":"A","width":28,"height":33,"xoffset":-1,"yoffset":16,"xadvance":25,"chnl":15,"x":179,"y":137,"page":0},{"id":68,"index":33,"char":"D","width":24,"height":33,"xoffset":1,"yoffset":16,"xadvance":25,"chnl":15,"x":186,"y":208,"page":0},{"id":70,"index":35,"char":"F","width":23,"height":33,"xoffset":2,"yoffset":16,"xadvance":25,"chnl":15,"x":203,"y":171,"page":0},{"id":72,"index":37,"char":"H","width":23,"height":33,"xoffset":1,"yoffset":16,"xadvance":25,"chnl":15,"x":227,"y":34,"page":0},{"id":75,"index":40,"char":"K","width":25,"height":33,"xoffset":1,"yoffset":16,"xadvance":25,"chnl":15,"x":185,"y":68,"page":0},{"id":76,"index":41,"char":"L","width":22,"height":33,"xoffset":3,"yoffset":16,"xadvance":25,"chnl":15,"x":185,"y":34,"page":0},{"id":90,"index":55,"char":"Z","width":25,"height":33,"xoffset":0,"yoffset":16,"xadvance":25,"chnl":15,"x":198,"y":102,"page":0},{"id":88,"index":53,"char":"X","width":28,"height":33,"xoffset":-1,"yoffset":16,"xadvance":25,"chnl":15,"x":211,"y":68,"page":0},{"id":86,"index":51,"char":"V","width":27,"height":33,"xoffset":-1,"yoffset":16,"xadvance":25,"chnl":15,"x":208,"y":136,"page":0},{"id":66,"index":31,"char":"B","width":24,"height":33,"xoffset":1,"yoffset":16,"xadvance":25,"chnl":15,"x":224,"y":102,"page":0},{"id":78,"index":43,"char":"N","width":23,"height":33,"xoffset":1,"yoffset":16,"xadvance":25,"chnl":15,"x":227,"y":170,"page":0},{"id":77,"index":42,"char":"M","width":24,"height":33,"xoffset":0,"yoffset":16,"xadvance":25,"chnl":15,"x":227,"y":204,"page":0},{"id":59,"index":79,"char":";","width":13,"height":32,"xoffset":6,"yoffset":23,"xadvance":25,"chnl":15,"x":208,"y":34,"page":0},{"id":60,"index":134,"char":"<","width":22,"height":29,"xoffset":2,"yoffset":20,"xadvance":25,"chnl":15,"x":80,"y":225,"page":0},{"id":58,"index":77,"char":":","width":11,"height":27,"xoffset":7,"yoffset":23,"xadvance":25,"chnl":15,"x":211,"y":205,"page":0},{"id":126,"index":125,"char":"~","width":25,"height":14,"xoffset":0,"yoffset":27,"xadvance":25,"chnl":15,"x":161,"y":242,"page":0},{"id":95,"index":74,"char":"_","width":24,"height":8,"xoffset":1,"yoffset":49,"xadvance":25,"chnl":15,"x":26,"y":248,"page":0},{"id":61,"index":131,"char":"=","width":24,"height":17,"xoffset":1,"yoffset":26,"xadvance":25,"chnl":15,"x":211,"y":238,"page":0},{"id":45,"index":70,"char":"-","width":17,"height":9,"xoffset":4,"yoffset":30,"xadvance":25,"chnl":15,"x":236,"y":136,"page":0},{"id":34,"index":81,"char":"\"","width":16,"height":17,"xoffset":4,"yoffset":14,"xadvance":25,"chnl":15,"x":240,"y":68,"page":0},{"id":39,"index":80,"char":"'","width":8,"height":17,"xoffset":9,"yoffset":14,"xadvance":25,"chnl":15,"x":236,"y":238,"page":0},{"id":44,"index":78,"char":",","width":13,"height":16,"xoffset":6,"yoffset":39,"xadvance":25,"chnl":15,"x":51,"y":235,"page":0},{"id":96,"index":953,"char":"`","width":12,"height":13,"xoffset":5,"yoffset":12,"xadvance":25,"chnl":15,"x":132,"y":243,"page":0},{"id":46,"index":75,"char":".","width":11,"height":11,"xoffset":7,"yoffset":39,"xadvance":25,"chnl":15,"x":245,"y":238,"page":0},{"id":62,"index":135,"char":">","width":22,"height":29,"xoffset":2,"yoffset":20,"xadvance":25,"chnl":15,"x":0,"y":0,"page":1},{"id":119,"index":26,"char":"w","width":28,"height":26,"xoffset":-1,"yoffset":23,"xadvance":25,"chnl":15,"x":0,"y":30,"page":1},{"id":101,"index":6,"char":"e","width":24,"height":27,"xoffset":1,"yoffset":23,"xadvance":25,"chnl":15,"x":23,"y":0,"page":1},{"id":111,"index":18,"char":"o","width":25,"height":27,"xoffset":0,"yoffset":23,"xadvance":25,"chnl":15,"x":0,"y":57,"page":1},{"id":97,"index":1,"char":"a","width":25,"height":27,"xoffset":1,"yoffset":23,"xadvance":25,"chnl":15,"x":0,"y":85,"page":1},{"id":115,"index":22,"char":"s","width":24,"height":27,"xoffset":0,"yoffset":23,"xadvance":25,"chnl":15,"x":0,"y":113,"page":1},{"id":99,"index":4,"char":"c","width":23,"height":27,"xoffset":1,"yoffset":23,"xadvance":25,"chnl":15,"x":0,"y":141,"page":1},{"id":94,"index":124,"char":"^","width":26,"height":22,"xoffset":0,"yoffset":16,"xadvance":25,"chnl":15,"x":0,"y":169,"page":1},{"id":42,"index":120,"char":"*","width":26,"height":25,"xoffset":0,"yoffset":22,"xadvance":25,"chnl":15,"x":24,"y":141,"page":1},{"id":114,"index":21,"char":"r","width":24,"height":26,"xoffset":1,"yoffset":23,"xadvance":25,"chnl":15,"x":25,"y":113,"page":1},{"id":117,"index":24,"char":"u","width":22,"height":26,"xoffset":1,"yoffset":23,"xadvance":25,"chnl":15,"x":26,"y":57,"page":1},{"id":122,"index":29,"char":"z","width":23,"height":26,"xoffset":1,"yoffset":23,"xadvance":25,"chnl":15,"x":29,"y":28,"page":1},{"id":120,"index":27,"char":"x","width":25,"height":26,"xoffset":0,"yoffset":23,"xadvance":25,"chnl":15,"x":48,"y":0,"page":1},{"id":118,"index":25,"char":"v","width":25,"height":26,"xoffset":0,"yoffset":23,"xadvance":25,"chnl":15,"x":26,"y":84,"page":1},{"id":110,"index":17,"char":"n","width":22,"height":26,"xoffset":2,"yoffset":23,"xadvance":25,"chnl":15,"x":49,"y":55,"page":1},{"id":109,"index":16,"char":"m","width":25,"height":26,"xoffset":0,"yoffset":23,"xadvance":25,"chnl":15,"x":53,"y":27,"page":1},{"id":43,"index":126,"char":"+","width":24,"height":24,"xoffset":1,"yoffset":22,"xadvance":25,"chnl":15,"x":74,"y":0,"page":1}],"info":{"face":"IBMPlexMono-Medium","size":42,"bold":0,"italic":0,"charset":["~","!","@","#","$","%","^","&","*","(",")","_","+","`","1","2","3","4","5","6","7","8","9","0","-","=","Q","W","E","R","T","Y","U","I","O","P","{","}","|","q","w","e","r","t","y","u","i","o","p","[","]","\\","A","S","D","F","G","H","J","K","L",":","\"","a","s","d","f","g","h","j","k","l",";","'","Z","X","C","V","B","N","M","<",">","?","z","x","c","v","b","n","m",",",".","/"],"unicode":1,"stretchH":100,"smooth":1,"aa":1,"padding":[2,2,2,2],"spacing":[0,0]},"common":{"lineHeight":55,"base":45,"scaleW":256,"scaleH":256,"pages":2,"packed":0,"alphaChnl":0,"redChnl":0,"greenChnl":0,"blueChnl":0},"distanceField":{"fieldType":"msdf","distanceRange":4},"kernings":[]}